{
  "result": {
    "pageId": "DressingRoom_ColorPicker",
    "addToRecentlyViewed": false,
    "rows": [
      {
        "controlId": "Layout",
        "components": [
          {
            "type": "appearanceInteractionComp",
            "$type": "AppearanceInteractionComponent"
          },
          {
            "type": "colorPickerComp",
            "$type": "ColorPickerComponent"
          },
          {
            "type": "openExpandedAppearanceViewComp",
            "$type": "OpenExpandedAppearanceViewComponent"
          }
        ]
      }
    ],
    "inventoryVersion": "",
    "pageRefresh": false,
    "sidebarLayoutType": "Persona"
  }
}
