{
  "format_version": "1.21.80",
  "minecraft:recipe_shaped": {
    "description": {
      "identifier": "minecraft:copper_chest"
    },
    "tags": [
      "crafting_table"
    ],
    "pattern": [
      "XXX",
      "X#X",
      "XXX"
    ],
    "key": {
      "#": {
        "item": "minecraft:chest"
      },
      "X": {
        "item": "minecraft:copper_ingot"
      }
    },
    "unlock": [
      {
        "item": "minecraft:copper_chest"
      },
      {
        "item": "minecraft:exposed_copper_chest"
      },
      {
        "item": "minecraft:weathered_copper_chest"
      },
      {
        "item": "minecraft:oxidized_copper_chest"
      },
      {
        "item": "minecraft:waxed_copper_chest"
      },
      {
        "item": "minecraft:waxed_exposed_copper_chest"
      },
      {
        "item": "minecraft:waxed_weathered_copper_chest"
      },
      {
        "item": "minecraft:waxed_oxidized_copper_chest"
      }
    ],
    "result": {
      "item": "minecraft:copper_chest"
    }
  }
}