{
  "format_version": "1.20.60",
  "minecraft:biome": {
    "description": {
      "identifier": "minecraft:deep_lukewarm_ocean"
    },
    "components": {
      "minecraft:climate": {
        "downfall": 0.5,
        "snow_accumulation": [ 0.0, 0.125 ],
        "temperature": 0.5
      },
      "minecraft:overworld_height": {
        "noise_type": "deep_ocean"
      },
      "minecraft:surface_builder": {
        "builder": {
          "type": "minecraft:overworld",
          "sea_floor_depth": 7,
          "sea_floor_material": "minecraft:sand",
          "foundation_material": "minecraft:stone",
          "mid_material": "minecraft:dirt",
          "top_material": "minecraft:grass_block",
          "sea_material": "minecraft:water"
        }
      },
      "minecraft:overworld_generation_rules": {
        "generate_for_climates": [
          [ "lukewarm", 1 ]
        ]
      },

      "minecraft:tags": {
        "tags": [
          "deep",
          "lukewarm",
          "monster",
          "ocean",
          "overworld",
          "spawns_warm_variant_farm_animals"
        ]
      }
    }
  }
}
