{
  "format_version": "1.20.60",
  "minecraft:biome": {
    "description": {
      "identifier": "minecraft:mega_taiga"
    },
    "components": {
      "minecraft:climate": {
        "downfall": 0.80,
        "snow_accumulation": [ 0.0, 0.125 ],
        "temperature": 0.3
      },
      "minecraft:overworld_height": {
        "noise_type": "taiga"
      },
      "minecraft:surface_builder": {
        "builder": {
          "type": "minecraft:overworld",
          "sea_floor_depth": 7,
          "sea_floor_material": "minecraft:gravel",
          "foundation_material": "minecraft:stone",
          "mid_material": "minecraft:dirt",
          "top_material": "minecraft:grass_block",
          "sea_material": "minecraft:water"
        }
      },
      "minecraft:surface_material_adjustments": {
        "adjustments": [
          {
            "materials": {
              "top_material": {
                "name": "minecraft:dirt",
                "states": {
                  "dirt_type": "coarse"
                }
              }
            },
            "noise_frequency_scale": 0.0625,
            "noise_range": [ 0.212, 1.0 ]
          },
          {
            "materials": {
              "top_material": "minecraft:podzol"
            },
            "noise_frequency_scale": 0.0625,
            "noise_range": [ -0.115, 0.212 ]
          }
        ]
      },
      "minecraft:overworld_generation_rules": {
        "hills_transformation": "minecraft:mega_taiga_hills",
        "mutate_transformation": "minecraft:redwood_taiga_mutated",
        "generate_for_climates": [
          [ "cold", 1 ]
        ]
      },

      "minecraft:tags": {
        "tags": [
          "animal",
          "forest",
          "mega",
          "monster",
          "overworld",
          "rare",
          "taiga",
          "has_structure_trail_ruins",
          "spawns_cold_variant_farm_animals"
        ]
      }
    }
  }
}
