{
  "format_version": "1.20.60",
  "minecraft:biome": {
    "description": {
      "identifier": "minecraft:river"
    },
    "components": {
      "minecraft:climate": {
        "downfall": 0.5,
        "snow_accumulation": [ 0.0, 0.125 ],
        "temperature": 0.5
      },
      "minecraft:overworld_height": {
        "noise_type": "river"
      },
      "minecraft:surface_builder": {
        "builder": {
          "type": "minecraft:overworld",
          "sea_floor_depth": 7,
          "sea_floor_material": "minecraft:gravel",
          "foundation_material": "minecraft:stone",
          "mid_material": "minecraft:dirt",
          "top_material": "minecraft:grass_block",
          "sea_material": "minecraft:water"
        }
      },

      "minecraft:tags": {
        "tags": [
          "overworld",
          "spawns_more_frequent_drowned",
          "spawns_reduced_water_ambient_mobs",
          "spawns_river_mobs",
          "river"
        ]
      }
    }
  }
}
