{
  "format_version": "1.20.60",
  "minecraft:biome": {
    "description": {
      "identifier": "minecraft:the_end"
    },
    "components": {
      "minecraft:climate": {
        "downfall": 0.5,
        "snow_accumulation": [ 0.0, 0.125 ],
        "temperature": 0.5
      },
      "minecraft:surface_builder": {
        "builder": {
          "type": "minecraft:the_end"
        }
      },

      "minecraft:tags": {
        "tags": [
          "the_end",
          "spawns_cold_variant_farm_animals",
          "spawns_cold_variant_frogs"
        ]
      }
    }
  }
}
